2 Inch Faux wood Blinds,Width,Height,Product,Owner Price ,,,,Vertical Blinds ,Width ,Height,Product ,Owner price ,,,1 inch Aluminum Business Class Blinds ,width ,height,owner price 
,10,72,Faux Wood,19.95,,,,,102,84,vertical Blinds,78,,,,105,48,71.4
,10.5,60,Faux Wood,17.95,,,,,104,84,vertical Blinds,82,,,,105,72,105
,10.5,72,Faux Wood,20.95,,,,,110,84,vertical Blinds,90,,,,107,36,53.5
,10.5,84,Faux Wood,24.95,,,,,54,84,vertical Blinds,44,,,,107,48,71.4
,11,48,Faux Wood,25.95,,,,,66,84,vertical Blinds,52,,,,107,60,89.2
,11,72,Faux Wood,21.95,,,,,78,84,vertical Blinds,54,,,,107,72,107
,12,72,Faux Wood,23.95,,,,,,,,,,,,11,60,9.2
,12,84,Faux Wood,27.95,,,,,,,,,,,,11,72,11
,14,60,Faux Wood,22.95,,,,,,,,,,,,112,72,112
,14,84,Faux Wood,36.95,,,,,,,,,,,,12,60,10
,15,84,Faux Wood,36.95,,,,,,,,,,,,14.5,24,10
,16,72,Faux Wood,30.95,,,,,,,,,,,,16.5,72,16.5
,17,48,Faux Wood,22.95,,,,,,,,,,,,17,24,16.5
,17,60,Faux Wood,27.95,,,,,,,,,,,,17,48,11.4
,17,72,Faux Wood,32.95,,,,,,,,,,,,17,60,14.2
,17,84,Faux Wood,37.95,,,,,,,,,,,,17,72,19
,17,96,Faux Wood,53.95,,,,,,,,,,,,18,72,19
,18,72,Faux Wood,34.95,,,,,,,,,,,,18,84,21
,18,84,Faux Wood,38.95,,,,,,,,,,,,19,72,21
,19,72,Faux Wood,35.95,,,,,,,,,,,,22,72,22
,19,84,Faux Wood,41.9,,,,,,,,,,,,22.5,72,22.5
,19,96,Faux Wood,49,,,,,,,,,,,,23,60,19.2
,22,36,Faux Wood,21.95,,,,,,,,,,,,23,72,23
,22,48,Faux Wood,29.95,,,,,,,,,,,,23,96,30.7
,22,60,Faux Wood,34.95,,,,,,,,,,,,24,72,24
,22,72,Faux Wood,40.95,,,,,,,,,,,,24.5,72,24.5
,22.5,36,Faux Wood,22.95,,,,,,,,,,,,25,72,25
,22.5,60,Faux Wood,34.95,,,,,,,,,,,,25,84,29.2
,22.5,72,Faux Wood,41.95,,,,,,,,,,,,27,48,18
,23,36,Faux Wood,22.95,,,,,,,,,,,,27,60,22.5
,23,48,Faux Wood,29.95,,,,,,,,,,,,27,72,27
,23,60,Faux Wood,35.95,,,,,,,,,,,,29,72,29
,23,72,Faux Wood,42.95,,,,,,,,,,,,29,96,38.7
,23,84,Faux Wood,47.95,,,,,,,,,,,,30.5,72,30.5
,23,96,Faux Wood,53.95,,,,,,,,,,,,31,36,15.5
,23.5,72,Faux Wood,43.95,,,,,,,,,,,,31,60,25.9
,24,60,Faux Wood,36.95,,,,,,,,,,,,31,72,31
,24,72,Faux Wood,42.95,,,,,,,,,,,,31,84,36.2
,24.5,72,Faux Wood,43.95,,,,,,,,,,,,34,60,28.4
,24.5,84,Faux Wood,51.95,,,,,,,,,,,,34,72,34
,24.5,96,Faux Wood,58.95,,,,,,,,,,,,34.5,60,28.8
,25,36,Faux Wood,24.95,,,,,,,,,,,,34.5,72,35
,25,48,Faux Wood,32.95,,,,,,,,,,,,35,36,17.5
,25,60,Faux Wood,38.95,,,,,,,,,,,,35,48,23.4
,25,72,Faux Wood,44.95,,,,,,,,,,,,35,60,29.2
,25,84,Faux Wood,51.95,,,,,,,,,,,,35,72,35
,25,96,Faux Wood,58.95,,,,,,,,,,,,35,84,40.9
,25.5,72,Faux Wood,44.95,,,,,,,,,,,,35,96,46.7
,26,60,Faux Wood,39.95,,,,,,,,,,,,36,48,24
,26,72,,45.95,,,,,,,,,,,,36,72,36
,26.5,72,,46.95,,,,,,,,,,,,36,96,48
,27,36,,26.95,,,,,,,,,,,,39,72,39
,27,48,,33.95,,,,,,,,,,,,39,96,52
,27,60,,41.95,,,,,,,,,,,,43,60,35.9
,27,72,,47.95,,,,,,,,,,,,43,72,43
,27,84,,55.95,,,,,,,,,,,,43,84,50.2
,27,96,,63.95,,,,,,,,,,,,46,72,46
,28,36,,27.95,,,,,,,,,,,,46.5,60,38.8
,28,60,,43.95,,,,,,,,,,,,46.5,72,46.5
,28,72,,49.95,,,,,,,,,,,,47,36,23.5
,28.5,36,,27.95,,,,,,,,,,,,47,48,31.4
,28.5,60,,43.95,,,,,,,,,,,,47,60,39.2
,28.5,72,,50.95,,,,,,,,,,,,47,72,47
,29,36,,28.95,,,,,,,,,,,,47,84,54.9
,29,48,,35.95,,,,,,,,,,,,47,96,62
,29,60,,44.95,,,,,,,,,,,,48,48,32
,29,72,,51.95,,,,,,,,,,,,48,60,40
,29,84,,59.95,,,,,,,,,,,,48,72,48
,29,96,,67.95,,,,,,,,,,,,48,96,64
,30,72,,53.95,,,,,,,,,,,,53,72,53
,30,84,,61.95,,,,,,,,,,,,59,36,29.5
,30,96,,69.95,,,,,,,,,,,,59,48,39.4
,30.5,48,,38.95,,,,,,,,,,,,59,60,49.2
,30.5,60,,45.95,,,,,,,,,,,,59,72,59
,30.5,72,,53.95,,,,,,,,,,,,63,72,63
,31,36,,30.95,,,,,,,,,,,,63,84,73.5
,31,48,,38.95,,,,,,,,,,,,69.5,72,71.5
,31,60,,45.95,,,,,,,,,,,,70,60,58.4
,31,72,,54.95,,,,,,,,,,,,70,72,70
,31,84,,63.95,,,,,,,,,,,,70.5,60,58.8
,31,96,,72.95,,,,,,,,,,,,70.5,72,71
,31.5,72,,55.95,,,,,,,,,,,,71,36,35.5
,32,72,,56.95,,,,,,,,,,,,71,48,47.4
,33,60,,48.95,,,,,,,,,,,,71,60,59.2
,33,72,,57.95,,,,,,,,,,,,71,72,71
,33.5,60,,49.95,,,,,,,,,,,,72,72,72
,33.5,72,,58.95,,,,,,,,,,,,72,84,84
,34,36,,32.95,,,,,,,,,,,,83,60,69.2
,34,48,,41.95,,,,,,,,,,,,83,72,83
,34,60,,50.95,,,,,,,,,,,,90,72,90
,34,72,,59.95,,,,,,,,,,,,93,72,93
,34,84,,69.95,,,,,,,,,,,,95,36,47.5
,34.5,36,,33.95,,,,,,,,,,,,95,60,75.1
,34.5,48,,42.95,,,,,,,,,,,,95,72,95
,34.5,60,,50.95,,,,,,,,,,,,,,
,34.5,72,,60.95,,,,,,,,,,,,,,
,35,102,,86.95,,,,,,,,,,,,,,
,35,36,,33.95,,,,,,,,,,,,,,
,35,48,,43.95,,,,,,,,,,,,,,
,35,60,,51.95,,,,,,,,,,,,,,
,35,72,,61.95,,,,,,,,,,,,,,
,35,84,,71.95,,,,,,,,,,,,,,
,35,96,,81.95,,,,,,,,,,,,,,
,35.5,60,,52.95,,,,,,,,,,,,,,
,35.5,72,,62.95,,,,,,,,,,,,,,
,36,36,,34.95,,,,,,,,,,,,,,
,36,48,,42.95,,,,,,,,,,,,,,
,36,60,,52.95,,,,,,,,,,,,,,
,36,72,,63.95,,,,,,,,,,,,,,
,36,84,,74.95,,,,,,,,,,,,,,
,36,96,,83.95,,,,,,,,,,,,,,
,38.5,72,,67.95,,,,,,,,,,,,,,
,39,36,,36.95,,,,,,,,,,,,,,
,39,48,,45.95,,,,,,,,,,,,,,
,39,60,,57.95,,,,,,,,,,,,,,
,39,72,,68.95,,,,,,,,,,,,,,
,39,84,,79.95,,,,,,,,,,,,,,
,39,96,,90.95,,,,,,,,,,,,,,
,40,72,,69.95,,,,,,,,,,,,,,
,40.5,60,,62.95,,,,,,,,,,,,,,
,40.5,72,,70.95,,,,,,,,,,,,,,
,41,60,,60.95,,,,,,,,,,,,,,
,41,72,,71.95,,,,,,,,,,,,,,
,41.5,60,,60.95,,,,,,,,,,,,,,
,42,36,,38.95,,,,,,,,,,,,,,
,42,60,,61.95,,,,,,,,,,,,,,
,42,72,,73.95,,,,,,,,,,,,,,
,42.5,60,,62.95,,,,,,,,,,,,,,
,42.5,72,,74.95,,,,,,,,,,,,,,
,43,36,,39.95,,,,,,,,,,,,,,
,43,48,,50.95,,,,,,,,,,,,,,
,43,60,,62.95,,,,,,,,,,,,,,
,43,72,,75.95,,,,,,,,,,,,,,
,43,84,,87.95,,,,,,,,,,,,,,
,43,96,,99.95,,,,,,,,,,,,,,
,45,72,,78.95,,,,,,,,,,,,,,
,45.5,60,,66.95,,,,,,,,,,,,,,
,45.5,72,,80.95,,,,,,,,,,,,,,
,46,36,,42.95,,,,,,,,,,,,,,
,46,48,,53.95,,,,,,,,,,,,,,
,46,60,,67.95,,,,,,,,,,,,,,
,46,72,,80.95,,,,,,,,,,,,,,
,46.5,48,,54.95,,,,,,,,,,,,,,
,46.5,60,,70.95,,,,,,,,,,,,,,
,46.5,72,,81.95,,,,,,,,,,,,,,
,47,36,,43.95,,,,,,,,,,,,,,
,47,48,,55.95,,,,,,,,,,,,,,
,47,60,,68.95,,,,,,,,,,,,,,
,47,72,,82.95,,,,,,,,,,,,,,
,47,84,,95.95,,,,,,,,,,,,,,
,48,36,,44.95,,,,,,,,,,,,,,
,48,48,,56.95,,,,,,,,,,,,,,
,48,60,,69.96,,,,,,,,,,,,,,
,48,72,,83.95,,,,,,,,,,,,,,
,48,84,,97.95,,,,,,,,,,,,,,
,48,96,,111.95,,,,,,,,,,,,,,
,52,48,,60.95,,,,,,,,,,,,,,
,52,60,,75.95,,,,,,,,,,,,,,
,53,72,,92.95,,,,,,,,,,,,,,
,54,60,,78.95,,,,,,,,,,,,,,
,54,72,,94.95,,,,,,,,,,,,,,
,54,84,,110.55,,,,,,,,,,,,,,
,55,60,,80.95,,,,,,,,,,,,,,
,55,72,,95.95,,,,,,,,,,,,,,
,57,60,,82.95,,,,,,,,,,,,,,
,57,72,,99.95,,,,,,,,,,,,,,
,57.5,60,,83.95,,,,,,,,,,,,,,
,58,36,,51.95,,,,,,,,,,,,,,
,58,48,,67.95,,,,,,,,,,,,,,
,58,60,,84.95,,,,,,,,,,,,,,
,58,72,,101.95,,,,,,,,,,,,,,
,58.5,60,,85.95,,,,,,,,,,,,,,
,58.5,72,,102.95,,,,,,,,,,,,,,
,59,36,,51.95,,,,,,,,,,,,,,
,59,48,,68.95,,,,,,,,,,,,,,
,59,60,,85.95,,,,,,,,,,,,,,
,59,72,,102.95,,,,,,,,,,,,,,
,59,84,,119.95,,,,,,,,,,,,,,
,60,60,,87.95,,,,,,,,,,,,,,
,62,60,,90.95,,,,,,,,,,,,,,
,62,72,,107.95,,,,,,,,,,,,,,
,62.5,60,,91.95,,,,,,,,,,,,,,
,62.5,72,,108.95,,,,,,,,,,,,,,
,63,36,,55.95,,,,,,,,,,,,,,
,63,48,,73.95,,,,,,,,,,,,,,
,63,60,,91.95,,,,,,,,,,,,,,
,63,72,,109.95,,,,,,,,,,,,,,
,63,84,,128.95,,,,,,,,,,,,,,
,64,72,,111.95,,,,,,,,,,,,,,
,64.5,72,,111.95,,,,,,,,,,,,,,
,66.5,72,,120.95,,,,,,,,,,,,,,
,67,60,,97.95,,,,,,,,,,,,,,
,67.5,60,,98.95,,,,,,,,,,,,,,
,69,60,,100.95,,,,,,,,,,,,,,
,69,72,,120.95,,,,,,,,,,,,,,
,69.5,60,,101.95,,,,,,,,,,,,,,
,69.5,72,,120.95,,,,,,,,,,,,,,
,70,36,,61.95,,,,,,,,,,,,,,
,70,48,,81.95,,,,,,,,,,,,,,
,70,60,,101.95,,,,,,,,,,,,,,
,70,72,,121.95,,,,,,,,,,,,,,
,70.5,36,,61.95,,,,,,,,,,,,,,
,70.5,48,,82.95,,,,,,,,,,,,,,
,70.5,60,,102.95,,,,,,,,,,,,,,
,70.5,72,,122.95,,,,,,,,,,,,,,
,71,36,,62.95,,,,,,,,,,,,,,
,71,48,,82.95,,,,,,,,,,,,,,
,71,60,,103.95,,,,,,,,,,,,,,
,71,72,,123.95,,,,,,,,,,,,,,
,71,84,,227.95,,,,,,,,,,,,,,
,72,36,,63.95,,,,,,,,,,,,,,
,72,48,,83.95,,,,,,,,,,,,,,
,72,60,,104.95,,,,,,,,,,,,,,
,72,72,,125.95,,,,,,,,,,,,,,
,72,84,,245.95,,,,,,,,,,,,,,
,72,96,,200,,,,,,,,,,,,,,
,73,96,,200,,,,,,,,,,,,,,
,75,60,,108.95,,,,,,,,,,,,,,
,75,72,,130.95,,,,,,,,,,,,,,
,78,60,,114,,,,,,,,,,,,,,
,78,72,,136.5,,,,,,,,,,,,,,
,78,78,,245.95,,,,,,,,,,,,,,
,78,84,,259.7,,,,,,,,,,,,,,
,83,60,,120.95,,,,,,,,,,,,,,
,83,72,,144.95,,,,,,,,,,,,,,
,84,72,,182.5,,,,,,,,,,,,,,
,85,48,,98.95,,,,,,,,,,,,,,
,86,72,,149.95,,,,,,,,,,,,,,
,89,60,,129.95,,,,,,,,,,,,,,
,89,72,,154.95,,,,,,,,,,,,,,
,9.5,48,,26.5,,,,,,,,,,,,,,
,90,36,,78.95,,,,,,,,,,,,,,
,90,60,,130.95,,,,,,,,,,,,,,
,90,72,,156.95,,,,,,,,,,,,,,
,93,60,,134.95,,,,,,,,,,,,,,
,93,72,,161.95,,,,,,,,,,,,,,
,95,48,,111.95,,,,,,,,,,,,,,
,95,60,,139.95,,,,,,,,,,,,,,
,95,72,,286.95,,,,,,,,,,,,,,
